net_acc_0_Absolute energy,net_acc_0_Area under the curve,net_acc_0_Interquartile range,net_acc_0_Kurtosis,net_acc_0_Max,net_acc_0_Mean,net_acc_0_Mean absolute deviation,net_acc_0_Mean absolute diff,net_acc_0_Median absolute deviation,net_acc_0_Median absolute diff,net_acc_0_Min,net_acc_0_Peak to peak distance,net_acc_0_Skewness,net_acc_0_Wavelet entropy,net_acc_0_Spectral entropy,net_acc_0_Wavelet absolute mean_0,net_acc_0_Wavelet absolute mean_1,net_acc_0_Wavelet absolute mean_2,net_acc_0_Wavelet absolute mean_3,net_acc_0_Wavelet absolute mean_4,net_acc_0_Wavelet absolute mean_5,net_acc_0_Wavelet absolute mean_6,net_acc_0_Wavelet absolute mean_7,net_acc_0_Wavelet absolute mean_8,net_acc_0_Wavelet energy_0,net_acc_0_Wavelet energy_1,net_acc_0_Wavelet energy_2,net_acc_0_Wavelet energy_3,net_acc_0_Wavelet energy_4,net_acc_0_Wavelet energy_5,net_acc_0_Wavelet energy_6,net_acc_0_Wavelet energy_7,net_acc_0_Wavelet energy_8,x0_Absolute energy,x0_Area under the curve,x0_Interquartile range,x0_Kurtosis,x0_Max,x0_Mean,x0_Mean absolute deviation,x0_Mean absolute diff,x0_Median absolute deviation,x0_Median absolute diff,x0_Min,x0_Peak to peak distance,x0_Skewness,x0_Wavelet entropy,x0_Spectral entropy,x0_Wavelet absolute mean_0,x0_Wavelet absolute mean_1,x0_Wavelet absolute mean_2,x0_Wavelet absolute mean_3,x0_Wavelet absolute mean_4,x0_Wavelet absolute mean_5,x0_Wavelet absolute mean_6,x0_Wavelet absolute mean_7,x0_Wavelet absolute mean_8,x0_Wavelet energy_0,x0_Wavelet energy_1,x0_Wavelet energy_2,x0_Wavelet energy_3,x0_Wavelet energy_4,x0_Wavelet energy_5,x0_Wavelet energy_6,x0_Wavelet energy_7,x0_Wavelet energy_8,y0_Absolute energy,y0_Area under the curve,y0_Interquartile range,y0_Kurtosis,y0_Max,y0_Mean,y0_Mean absolute deviation,y0_Mean absolute diff,y0_Median absolute deviation,y0_Median absolute diff,y0_Min,y0_Peak to peak distance,y0_Skewness,y0_Wavelet entropy,y0_Spectral entropy,y0_Wavelet absolute mean_0,y0_Wavelet absolute mean_1,y0_Wavelet absolute mean_2,y0_Wavelet absolute mean_3,y0_Wavelet absolute mean_4,y0_Wavelet absolute mean_5,y0_Wavelet absolute mean_6,y0_Wavelet absolute mean_7,y0_Wavelet absolute mean_8,y0_Wavelet energy_0,y0_Wavelet energy_1,y0_Wavelet energy_2,y0_Wavelet energy_3,y0_Wavelet energy_4,y0_Wavelet energy_5,y0_Wavelet energy_6,y0_Wavelet energy_7,y0_Wavelet energy_8,z0_Absolute energy,z0_Area under the curve,z0_Interquartile range,z0_Kurtosis,z0_Max,z0_Mean,z0_Mean absolute deviation,z0_Mean absolute diff,z0_Median absolute deviation,z0_Median absolute diff,z0_Min,z0_Peak to peak distance,z0_Skewness,z0_Wavelet entropy,z0_Spectral entropy,z0_Wavelet absolute mean_0,z0_Wavelet absolute mean_1,z0_Wavelet absolute mean_2,z0_Wavelet absolute mean_3,z0_Wavelet absolute mean_4,z0_Wavelet absolute mean_5,z0_Wavelet absolute mean_6,z0_Wavelet absolute mean_7,z0_Wavelet absolute mean_8,z0_Wavelet energy_0,z0_Wavelet energy_1,z0_Wavelet energy_2,z0_Wavelet energy_3,z0_Wavelet energy_4,z0_Wavelet energy_5,z0_Wavelet energy_6,z0_Wavelet energy_7,z0_Wavelet energy_8,jerk0_Absolute energy,jerk0_Area under the curve,jerk0_LPCC_0,jerk0_LPCC_1,jerk0_Max,jerk0_Mean,jerk0_Mean absolute deviation,jerk0_Mean absolute diff,jerk0_Median absolute deviation,jerk0_Median absolute diff,jerk0_Min,jerk0_Peak to peak distance,jerk0_Skewness,jerk0_Wavelet entropy,jerk0_Spectral entropy,jerk0_Wavelet absolute mean_0,jerk0_Wavelet absolute mean_1,jerk0_Wavelet absolute mean_2,jerk0_Wavelet absolute mean_3,jerk0_Wavelet absolute mean_4,jerk0_Wavelet absolute mean_5,jerk0_Wavelet absolute mean_6,jerk0_Wavelet absolute mean_7,jerk0_Wavelet absolute mean_8,jerk0_Wavelet energy_0,jerk0_Wavelet energy_1,jerk0_Wavelet energy_2,jerk0_Wavelet energy_3,jerk0_Wavelet energy_4,jerk0_Wavelet energy_5,jerk0_Wavelet energy_6,jerk0_Wavelet energy_7,jerk0_Wavelet energy_8,corr_xy,corr_yz,corr_zx
501.8367964305396,9.9971986065,0.014114897500000056,1.5445543793369714,1.05511064,1.00174349304,0.010049081504000006,0.006800221062124253,0.0070862000000000425,0.005781240000000132,0.9607612,0.09434944000000012,0.7403249980586568,2.0589212072583942,0.7420802412360467,0.003323569067309384,0.009837253854256552,0.018147891248085433,0.02792089143861347,0.03895872799368109,0.05114719517558611,0.06440189074910614,0.07864647457337048,0.09381520669060467,0.040407994872455034,0.07879394450384959,0.11657421779883775,0.15161682021579576,0.18591388505201847,0.22118489815067477,0.25707028188086495,0.2931355527242907,0.3293133242509078,6.44033854,1.129818,0.009999999999999995,0.033403258052478346,0.1398,0.1132004,0.0063603952,0.0027699398797595186,0.004900000000000002,0.0022000000000000075,0.0927,0.0471,0.16783238910534135,2.120303090773805,0.5198244651623963,0.0003558821629775206,0.0010390925236482464,0.0019245487800979599,0.0029838600954621725,0.004187261246710017,0.005526948659505388,0.006998040800415258,0.008588841212503764,0.010285999131829164,0.005446427781550797,0.01112622092973219,0.014831736367956207,0.017445065427099192,0.020557191972693692,0.024363146025168574,0.028433111534813763,0.03242808619190589,0.03625534736342759,0.008592329999999999,0.030776999999999992,0.0050999999999999995,0.0060134283810264755,0.0097,-0.0016674000000000003,0.0030028959999999997,0.002239078156312625,0.0025,0.0019999999999999996,-0.0137,0.0234,-0.1060616138391553,2.1771964097170615,0.713047126361024,7.698641822662854e-06,5.715474595946475e-06,1.0627299694173732e-05,2.642977436151449e-05,2.609505393031289e-05,9.312559830920428e-06,1.937814570369001e-05,5.632157600031601e-05,9.857379656687323e-05,0.0023893800358559935,0.004736276521363771,0.005126347181851935,0.0047025427580148285,0.0045332983657310165,0.0047449349769763385,0.005151489789289791,0.005475139991255516,0.005629585316688227,494.42281564999996,9.923840000000002,0.007400000000000073,1.2437890248448165,-0.974,-0.9943838,0.005100309600000009,0.0033815631262525065,0.0037000000000000366,0.0029999999999998916,-1.0204,0.0464,-0.6578760908459712,2.0116536907921905,0.7507252189913663,0.0032866869657066236,0.009732422587159562,0.017965416161380483,0.027668549996303,0.038645785636195994,0.05077164547153824,0.06395329238834184,0.07811406775200623,0.09319051552371412,0.039180771710617145,0.07532451853974659,0.11188773985317041,0.14758552672596886,0.18308008490982844,0.21891601393546273,0.25491171395758694,0.2909560663281596,0.32707400619634935,102.38209932699282,2.5607136549999985,0.19059315461280707,0.17576066815017324,2.0861184999999836,-0.0008696543086172206,0.3400127959004183,0.43479189257028067,0.2886539999999993,0.35681725000000775,-1.9025640000000066,3.98868249999999,0.1280179513696897,2.07826460532389,0.8734618258945364,6.488460233772253e-05,0.0008915104036416339,0.0002741134477897136,0.0010202817922066061,0.001986796324284544,0.002199668948347247,0.001982502294628768,0.001762910043513168,0.001715671313392644,0.44356829725609404,0.6502721689696167,0.6891476924386084,0.6217875176542376,0.48217232021834383,0.3310914976082838,0.22235105694078186,0.16474757392613487,0.1379239430057961,-0.36117620290179325,-0.147585948091087,0.08694461213491193
502.00162563648746,9.998497788300002,0.01750701500000007,1.4390050614322885,1.0656163000000003,1.00187917342,0.011509419769440012,0.007683591202404813,0.008877040000000058,0.00594449000000008,0.95260107,0.11301523000000024,0.43015485509044177,2.066721324653735,0.7091017724222382,0.0033303299108556166,0.00977772616237218,0.017959533290766425,0.027632491945702647,0.0386553592631373,0.05090816971654882,0.06427577143259407,0.07865421260341182,0.09395955334583639,0.04137964343678247,0.08009425555160327,0.11387614255683971,0.14647450335861456,0.18116457953665568,0.21801430327503366,0.25571977729672163,0.29353512984293095,0.3312534403283599,8.77329086,1.3209520000000001,0.007099999999999995,0.15738084115999218,0.1515,0.1323604,0.004212265599999998,0.002840080160320642,0.003700000000000009,0.0024000000000000132,0.1159,0.03559999999999999,0.14833219733060607,2.091926226091541,0.6691319833054042,0.00043465768902761857,0.0012779869618112635,0.0023551925369859933,0.0036327782590261943,0.005087421350132954,0.006699860137103994,0.008454629140312912,0.010337570266459428,0.012336067696351292,0.005979260717525482,0.011250944618242784,0.016014331542882503,0.02045292917367608,0.02502876178703869,0.029959488132960663,0.035094979379607566,0.040175763059063944,0.045064330117611934,1.18892188,0.482424,0.010000000000000002,-0.7660686210310241,-0.0321,-0.048333600000000004,0.0054877504000000014,0.0021062124248497,0.004799999999999999,0.0017000000000000001,-0.0663,0.0342,-0.11394011806613125,2.102564157591369,0.44191451823543926,0.00014464752594112455,0.00042889268764518726,0.0007893336246782983,0.0012144420877021802,0.001708970116772821,0.0022731054988830396,0.002899211002279442,0.003579083356292137,0.004307279681991516,0.002768562692199573,0.005251524048372375,0.006587802538477539,0.007593070287660968,0.008975534598068942,0.010712566591987238,0.01258920258851981,0.014510525895256674,0.01644335606272995,490.97737397,9.889121,0.008399999999999963,1.1510571727158352,-0.9677,-0.9909069999999999,0.00567274,0.0037885771543086197,0.004249999999999976,0.0028999999999999027,-1.0214,0.05370000000000008,-0.29104028628141726,2.0180810215474048,0.7152533291775814,0.0032773159223692563,0.009664301998371701,0.0178014709821607,0.02741832012357704,0.038346291002995726,0.05045831892329173,0.06364749317971322,0.07782377106769434,0.09291462503957373,0.039393673266535444,0.0752769107762093,0.10988090489404498,0.1443062823141127,0.17983501181356043,0.21632796309361543,0.2531118504883068,0.2898918033803462,0.3266253133635103,134.82354955285797,3.0219830750000076,0.13653630874837056,0.2752190219621344,2.079638000000006,-0.001297115230460906,0.384210484965924,0.45602543273092405,0.2921634999999978,0.41434900000001385,-1.6876139999999928,3.7672519999999987,0.20961556195886435,2.076013255480749,0.7962500592556215,0.0003891387363822306,0.00045038145700775344,0.0015621016690875141,0.0022988810384679385,0.002043898638675211,0.0010880408368121467,5.4446366722462815e-05,0.000591618260342261,0.0007757887550680925,0.4972043329165909,0.8561780897650966,0.808214122335121,0.6579929944142202,0.5154702643597016,0.3707285002592909,0.25469820812104244,0.186639332971438,0.15418808752179758,-0.21548874278110675,-0.010023679531563977,-0.24073640179288325
501.88980250013265,9.9981278122,0.010641967500000238,2.7019665910697057,1.0615110499999998,1.0018239125400001,0.008047670279679989,0.005875234028056109,0.005467179999999905,0.004497530000000083,0.9646273399999999,0.09688370999999985,0.4762359412233233,2.039283512236583,0.7483948539696679,0.0032951029568887556,0.009761335715230402,0.01800705142899869,0.02774520050872571,0.03878773863017858,0.05100500967867841,0.06430433520478433,0.07861082526516391,0.09385671373510017,0.04017107564317916,0.07702436323629887,0.11294647020781425,0.14816806958594098,0.18300499319396618,0.2184048075518165,0.25483278210804017,0.2919508747050287,0.32933545081811544,11.48700452,1.511837,0.007800000000000001,-0.23784490305508843,0.1696,0.15147919999999998,0.004354550400000001,0.002537274549098198,0.003899999999999987,0.0021999999999999797,0.1384,0.031200000000000006,0.21201584592835232,2.0994266309564655,0.6171535474846458,0.0004886287841258717,0.0014551759418732014,0.0026972326010372212,0.004164568525116443,0.005827616129746224,0.00766459911952894,0.00965970498755759,0.011802237318866683,0.014084268788181817,0.006345707983051609,0.012543103517594922,0.018130780675022457,0.02339302653200436,0.02865706022693073,0.03377427170515813,0.038857241778007416,0.04402108263088427,0.04929363752492169,0.11457845000000001,0.14718900000000001,0.005174999999999999,-0.6597172451864473,-0.0064,-0.0147498,0.0028153936,0.001998997995991984,0.0026999999999999993,0.0017000000000000001,-0.0233,0.016900000000000002,0.003700718744469158,2.1826676561708998,0.6384678623313967,5.037103472642451e-05,0.00015238504209383197,0.0002768745261099758,0.0004255892688834358,0.0005931553447793528,0.0007759561556741017,0.0009733536064656932,0.0011856903169771148,0.0014130289045065423,0.0021858480112346484,0.0037490644545984907,0.0038508134213399597,0.003819912994759509,0.003965473070011081,0.004225674328574086,0.004619584354923493,0.005110851106357127,0.005678344496839254,489.31037330000004,9.87253,0.005599999999999938,2.2053661561137625,-0.9691,-0.9892364,0.004095671999999997,0.0029563126252505,0.0028999999999999027,0.0021999999999999797,-1.017,0.04789999999999994,-0.21799990309223202,1.9967137840045497,0.7570948752786987,0.00325490111886492,0.009639616468865235,0.017792827411627955,0.027424119392583143,0.03834258167793958,0.05041682197223415,0.06355116586851836,0.07766951125070475,0.09270666788151695,0.03890970897803616,0.07421670209453567,0.10978465739502341,0.14526206279477596,0.18064027007034578,0.2162814012594338,0.25238681791398576,0.28880682872120406,0.32534665317832495,83.45278090025094,2.128915909999996,0.20411126009748018,0.15469302178339686,1.7868765000000009,0.00135562925851705,0.2938133185489213,0.384077991967871,0.2212814999999979,0.31561274999999944,-1.5891514999999967,3.3760279999999976,0.15985740305976562,2.0887986001821854,0.8694656565668576,0.00014599319240007907,0.0003425421744705936,0.00044262032867003185,0.00024547096799129424,5.96609345797812e-05,0.0003413309937775097,0.0005613053479399054,0.0006810559360373344,0.0006614892714091021,0.4155700370524711,0.6011808097641071,0.5572625258568357,0.4746235814957315,0.366713195614788,0.2565889842854436,0.17741863679466013,0.13315841438528847,0.10917386206238638,0.44372771326084454,0.23865597258138285,0.011567419909983117
502.78327111332396,10.0068946635,0.012045430000000135,2.4506916375277026,1.04966013,1.00270114442,0.00879901083392001,0.006306945551102211,0.006137479999999973,0.004695409999999844,0.9514162999999999,0.09824383000000003,0.18325306443210904,2.046620975533373,0.7818864591523167,0.00330891530890269,0.009789226941923608,0.018066973992086628,0.027827908109282946,0.03888460445766461,0.051120170602129575,0.06444058227631433,0.0787625975121678,0.0940139941072861,0.04043517112045502,0.07801409691734715,0.11396472172287955,0.14848116625526975,0.18356058460249436,0.21973058135526832,0.2566299914037785,0.2937514973282674,0.3307810022027894,8.479416839999999,1.296992,0.012074999999999989,-0.3810679393309293,0.151,0.1299744,0.0066919712000000015,0.0027891783567134277,0.005599999999999994,0.0022000000000000075,0.0993,0.051699999999999996,0.07325005572394559,2.0969909669612394,0.4681750348413536,0.0004534335269984697,0.0013322296415195314,0.0024531813104148796,0.0037746617078427192,0.005267391526498457,0.006911023964868025,0.008690356346074722,0.010593693286117492,0.0126117169916021,0.006433785649453478,0.012039370502880604,0.01701230315443105,0.02190123452313275,0.02678328961486141,0.031603551376926754,0.03643842781719257,0.04134560590087439,0.04637683976038056,1.7225338000000001,0.58511,0.004200000000000002,0.10992770186832113,0.0676,0.058622799999999996,0.0023196000000000002,0.0023062124248497,0.0020999999999999977,0.0020000000000000018,0.049,0.01859999999999999,-0.12976224522701071,2.12687473032258,0.8155027467797924,0.00018766630291329245,0.0005544775999090774,0.001028922827000169,0.0015894386162412242,0.0022222064861921595,0.0029198468054680887,0.003677714429895282,0.004492198610938631,0.0053601499268892015,0.0031224230621106045,0.0054633948081583205,0.007292917090429363,0.009056519349118688,0.010957873612914679,0.01294076131851073,0.014957349500095383,0.016965431154364195,0.018945972928877963,491.14862157,9.891053000000001,0.005950000000000011,1.7525320583614912,-0.9674,-0.9910889999999999,0.0045468640000000055,0.0031444889779559146,0.0029000000000000137,0.0024000000000000687,-1.0136,0.04620000000000002,-0.2474098674678229,2.002783969090014,0.7880147546495968,0.0032619627434182902,0.009656814721366903,0.017830990776410267,0.027479841562929496,0.038413106079517735,0.05050576113342464,0.06366146061981887,0.07780014262500577,0.0928546662725067,0.038973063805770716,0.07451124405176451,0.1101783833823021,0.14541361796975757,0.18092540467661591,0.2169316152773661,0.25325726030165097,0.2896712845777443,0.32602885153076977,98.44701871585931,2.3564421000000038,0.1545793299348434,0.16642442999421841,1.4820994999999837,-0.0005987124248497119,0.31533167983662747,0.4064878995983938,0.23766299999997686,0.31976124999999467,-2.8580700000000068,4.34016949999999,-0.5917054076529137,2.0890289343627018,0.8736720276635361,0.0002804717094653502,0.00010730115122702052,0.0010069075154615745,0.0017510128839937783,0.0018215147383223867,0.0014094952764378665,0.0008679743831014945,0.0004045490951489854,6.370220525753401e-05,0.4341844390290116,0.6955422682805574,0.655042671806018,0.5035185111916303,0.37358450804926524,0.27490097644592193,0.20428461952468488,0.1617358888712652,0.13803369863602138,0.002046696997937325,0.16202264753363255,0.05182804309379776
501.77377102631925,9.9959027909,0.021670537500000253,0.21267582264668006,1.0613669700000001,1.00161198236,0.013927190164479984,0.010605895891783573,0.010795679999999974,0.0085406600000002,0.9514730599999999,0.10989391000000026,0.08288038448339025,2.0813870566918067,0.7487863426337047,0.003297595848102842,0.009648864203488611,0.01778718349069178,0.027530725616374624,0.038668680309005464,0.0509916623993226,0.06436210656425631,0.07869606006804102,0.09393233111707888,0.04180920001412129,0.07823019960509173,0.11193202101271443,0.1476075482775046,0.18442509649826797,0.2213166857419399,0.258240960039431,0.2949795596144434,0.33136562369490324,500.42370847000007,9.983740000000001,0.010800000000000032,0.18626880850046978,1.0298,1.0003838,0.006940123999999999,0.005310220440881769,0.005499999999999949,0.0042000000000000925,0.9753,0.054500000000000104,0.05431697263093066,2.0311264196972814,0.7503526776603936,0.0032913800015438605,0.00968949771837355,0.01788095527877934,0.02762320964983681,0.038711298561646755,0.050972420225168624,0.06428773919528219,0.0785763536829971,0.09377612115366275,0.03988693242955558,0.07487612812661157,0.10939073868285122,0.14580300930879295,0.18284981562694821,0.21976495196833135,0.25660346091406766,0.29330402870641936,0.32980119784298684,0.017553009999999997,0.045902000000000005,0.0063999999999999994,-0.1628880277871514,0.0114,-0.0038054000000000004,0.003678892,0.0029623246492985976,0.0031000000000000003,0.0023999999999999994,-0.0169,0.0283,0.054086733004790895,2.151577368885134,0.7800729141986075,6.663853589009383e-06,7.871873807186944e-08,3.765714234211647e-05,9.279747370437278e-05,0.00014678671965451815,0.00018919163134011873,0.00021994944314034326,0.0002443591910085945,0.00026798706346217943,0.003268685499688932,0.006222264260078703,0.008581682537441512,0.009473680592451149,0.008886841554975914,0.007574347357924838,0.006365034305536223,0.005709947281766978,0.005539631438083865,0.36472970000000005,0.253925,0.012,-0.03455751055964118,-0.0019,-0.025454,0.007178432000000001,0.004603807615230461,0.005899999999999999,0.003700000000000002,-0.0547,0.0528,-0.01876752062783298,2.169934525880043,0.7086869844980056,9.802349454139139e-05,0.00026769689166269983,0.00046948945471426794,0.0007207122421891564,0.0010338143956244268,0.0014008720301396784,0.0018016393522159021,0.002217206727510798,0.0026361387338903123,0.005903088848109406,0.010675297490656054,0.013812607033766527,0.014594763011109905,0.014399178121793322,0.01452281595296274,0.015163297172084141,0.015896588255924285,0.016460577222578217,227.2302585947979,3.871054380000005,0.22818968223780045,0.03288439603126917,2.5565290000000127,-0.003244349699398759,0.5303464361669233,0.6944580481927705,0.4370725000000242,0.5773237500000084,-3.2758995000000066,5.832428500000019,-0.19945882465874631,2.100632352465267,0.8866264476741029,2.0736648825936354e-05,0.0016917227797975697,0.004748326409166906,0.006325601518027569,0.006244511772853176,0.005553442462708507,0.004706083261262332,0.0038494802172176976,0.00311060792617107,0.6588350853252977,0.8275443955064218,0.9305695558333481,0.8070711116644125,0.6046710031530448,0.45342496857157966,0.34876004046292114,0.2699690386644466,0.21117117937566332,0.1269658804878781,-0.15518287733815453,-0.1069739128342222
502.1468478956963,10.000085037400002,0.023201899999999887,0.12652117360287685,1.05074243,1.00197127544,0.014698685163519994,0.010354772745490988,0.01164837000000013,0.00904419000000023,0.9358717799999999,0.11487064999999996,-0.012190902213053703,2.082901268396921,0.7117897267195162,0.003251730253173676,0.009667458446919578,0.017974096411278884,0.027841467060842128,0.039008795132704756,0.05129560279483623,0.06460793808573681,0.07889116327570826,0.09409643783188391,0.039712255101117186,0.0780785647933134,0.1170215665285205,0.15425940186109968,0.18932656454683927,0.22392974671471833,0.25921906922777077,0.29517980768088353,0.3315555390995098,500.03258005000004,9.980101,0.011400000000000077,0.19488240656385392,1.0239,0.9999894,0.007325484799999996,0.005175350701402808,0.005600000000000049,0.0044000000000000705,0.9656,0.05830000000000002,-0.09154660223975766,2.033699928154715,0.7152628462301717,0.0032666647181177916,0.009694056406146987,0.017965843529778543,0.02776542494846215,0.03886323342398842,0.051100364454449196,0.06437906943725782,0.07863290972890895,0.09380620927228549,0.03877490679077347,0.07456597780264937,0.11181497591172218,0.1490219775710164,0.18522411844906653,0.22101784230468383,0.2570000125965983,0.2932382220035199,0.32966098820236306,0.11399282000000001,0.143206,0.006300000000000002,-0.06137082814082229,0.0268,0.0143552,0.0037424415999999993,0.002923046092184369,0.0032000000000000015,0.0023999999999999994,-0.0003,0.027100000000000003,-0.09410440229738322,2.1747584443161516,0.7604463321132998,5.679403303151445e-05,0.00016039425006054295,0.0002929974542434919,0.000462575115106585,0.0006644818801680373,0.0008897161640524034,0.001132722066567444,0.001391091967684198,0.00166320275847806,0.003273095591731913,0.006050061227054085,0.0071989348019679215,0.007704421658273093,0.0077860023435582446,0.0077094550622402456,0.0077987227853341945,0.008124221139076874,0.008567905005906595,0.83906485,0.390633,0.015475000000000003,0.05182776812189527,-0.0024,-0.039144599999999995,0.009532081599999999,0.005260320641282565,0.007700000000000002,0.004400000000000001,-0.0767,0.0743,-0.20035367151357394,2.1694946769607517,0.5871764480609258,0.00013489377229910582,0.0003738397240879325,0.0006783352983822966,0.0010428518342267595,0.0014596789196093998,0.0019346246576324522,0.002472612568108758,0.0030694750410169853,0.003715268027894972,0.006891710267076574,0.01162379534424361,0.014600696694718727,0.016237867364447257,0.01667218123944058,0.016662270834102613,0.016888966325303706,0.017523344179934675,0.018458922096171365,203.51715116679645,3.982339579999999,0.20860086022082275,0.17458000725507555,1.9403560000000097,0.0007392164328657259,0.5177727093746616,0.6279414718875499,0.45185349999999347,0.5321260000000133,-1.6905515000000149,3.6309075000000246,0.1602425674627553,2.094250848093156,0.8690468031826126,0.0009271235382134976,0.0014623361873206608,0.004263262192079109,0.00501051642746586,0.0038786450101887613,0.0025108906060965818,0.0018029100746670566,0.0017121912528941657,0.001905363336187331,0.6110024893595195,0.9054983350372486,0.9726821758177737,0.8408968078868847,0.645093963654559,0.47704283787978147,0.3567501896537219,0.28160773288695,0.2362125418987345,0.0961298621787382,-0.38453418426871244,-0.02108662709808189
501.35753037218427,9.9932496381,0.014059674999999827,0.04826332118785226,1.0309830600000003,1.00131085472,0.007764074710079994,0.006726425551102191,0.006899514999999856,0.005786879999999828,0.96698798,0.06399508000000032,-0.02146128090925507,2.0408604957969816,0.753484541616366,0.0032424489838356924,0.009629465176015478,0.017909168860684863,0.027755188996499126,0.03890238279511367,0.051183261215409406,0.06449909371119654,0.07878368159300832,0.09398209543980579,0.03901918717234492,0.07324739258967652,0.11074535898421638,0.1484213009559207,0.18512752836012297,0.22136245717032657,0.2576786418634838,0.29415155651140684,0.3307014856168393,496.97605696000005,9.949747000000002,0.00714999999999999,0.042829822393375405,1.0117,0.9969596,0.003950646400000001,0.0034010020040080137,0.0033999999999999586,0.0029000000000000137,0.9797,0.03200000000000003,-0.045313720414008586,1.9985145096720909,0.751259091641406,0.0032526120934560712,0.009647600238761218,0.017883076701755516,0.02764496503494724,0.038701293026752466,0.05090077745519921,0.06414460660211677,0.07836109955376735,0.09349136345266013,0.03867584001095028,0.07306938665439756,0.10968675902097953,0.14669797467338608,0.1832368885466109,0.21949071634930936,0.25577003169295637,0.29212877911361046,0.32852628484890706,2.7908359000000003,0.7449670000000002,0.004199999999999995,0.1266370246917785,-0.0655,-0.0746476,0.0024471616,0.0023404809619238477,0.0021999999999999936,0.0020000000000000018,-0.0846,0.019099999999999992,-0.018016115882486323,2.1352658316536326,0.8444113164771246,0.0002479781920832833,0.0007327540963245078,0.0013369332265497202,0.0020441625783467815,0.002850434095735066,0.0037458855341718105,0.004719885924664126,0.00576485407518705,0.006876362023646761,0.003778764181101117,0.0074985336672827715,0.009848947380838795,0.011741125229423563,0.014047263786957297,0.016583948820064767,0.01912246686553543,0.02161533443181579,0.024097121207376365,0.8885345,0.416555,0.0077999999999999944,-0.037889463767528664,0.0574,0.0417508,0.004646583999999999,0.0031240480961923847,0.0038999999999999937,0.002600000000000005,0.0223,0.0351,-0.13391968012174044,2.134032750808909,0.6281755171463168,0.00014688663636569822,0.00040596514777683926,0.0007568075352019037,0.0011959893179570571,0.0017151497762704947,0.0022996972838778707,0.0029333242678268126,0.003604985220656667,0.004309924740359534,0.0038458447121011534,0.006234554713387226,0.008687199165673601,0.010740313846638962,0.012459453888861929,0.013984661512333544,0.015338269665081877,0.01662422679618554,0.017949272088427688,89.82966681838205,2.166988094999998,0.3268335131181523,0.16654388013404678,1.413726000000004,0.0011269428857715552,0.33627072284448595,0.5059434327309227,0.2940749999999992,0.43131974999998934,-1.6544525000000199,3.068178500000024,-0.13671464590577023,2.050153434306281,0.9021040603690341,7.192214940627852e-05,0.0005852579612139674,0.0006063706295259196,0.0003593914815680056,0.0013854756602910505,0.0019557803120766586,0.00209572015649679,0.0019737047089869388,0.0017325137643021823,0.40709865058103945,0.42490284428965086,0.4849428799911957,0.4286805369502796,0.31235591490272213,0.21012332617039653,0.14365634854278317,0.1056359083820506,0.08489394019128592,0.19355884166047746,0.01317933887001387,-0.12831299092099463
501.2580678563797,9.9922560243,0.011921639999999956,0.45740065675045205,1.0248777900000001,1.0012178834199998,0.007011675419999999,0.006696024789579172,0.00595350499999997,0.005357300000000009,0.9705579699999999,0.05431982000000024,-0.19389026801969897,2.0319296167331906,0.8346045526557951,0.003276213464443445,0.009755683343323185,0.018054122104615846,0.027839070932347786,0.03892765545244839,0.051176191681337344,0.0644749277817194,0.078747883176147,0.09393833886822164,0.03928048930948519,0.07531077223527571,0.11175767236083041,0.14839792695581192,0.18512996960778316,0.22130945224079232,0.25730591642035744,0.29349932017129265,0.32995620368116346,496.66813089000004,9.946639000000001,0.005800000000000027,0.5698786996006309,1.0093,0.9966522,0.003569799999999998,0.0033633266533066152,0.0030000000000000027,0.0027000000000000357,0.9802,0.029100000000000126,-0.2186272067654237,1.992333084745241,0.8289397662469485,0.003269885453373717,0.009710419458210964,0.01795398326770861,0.02768516367676869,0.03871414233078451,0.05090048369923301,0.06413844487719475,0.07835072614038631,0.09347742858017483,0.038805102899453416,0.07415295250552441,0.11029559066956574,0.1467645975278127,0.18330731962690183,0.21955642107660786,0.2556982774809931,0.29192375519465624,0.32826749490395196,2.48555791,0.7028880000000001,0.004400000000000001,-0.3004572456877179,-0.0611,-0.0704338,0.0025788592000000003,0.0023531062124248505,0.0022000000000000075,0.0020000000000000018,-0.079,0.0179,0.14114984416393767,2.140198765731663,0.813680366801973,0.00023592620183191592,0.0006924517955685241,0.0012656599038204997,0.0019481201000394954,0.00272866123532497,0.0035957634437495346,0.004540308364179097,0.005554787023808309,0.006633421062402006,0.0038119974364268444,0.007014600068743782,0.009161658339296495,0.011039336125337564,0.013215222770280205,0.01573205933306804,0.018367435859552982,0.021003566501426773,0.02362944727189238,1.45525291,0.533126,0.011000000000000003,-0.010085169726697707,0.0785,0.053412999999999995,0.006086668000000002,0.003517835671342686,0.005299999999999999,0.002700000000000001,0.0328,0.0457,0.3357416584974865,2.1535775808041606,0.5685063985628562,0.00016073593037353978,0.0004855209079333922,0.0009115881820978419,0.0013895361369828665,0.001903805093109718,0.0024646754140229764,0.0030828338361285203,0.003762396577401546,0.004503238234473168,0.00442760115140762,0.0077862507622952345,0.011304150588432305,0.013386922936514518,0.014217510756742779,0.014486644749120944,0.014731630403404713,0.015353140984607327,0.016458834519016825,93.8753182419074,2.0960665499999998,0.25365697652999986,0.3571236034222849,1.8578740000000094,-0.000773516032064121,0.3347946331701486,0.518949805220885,0.26684599999999836,0.4155397500000102,-2.0577835000000153,3.915657500000025,0.021879782616380322,2.0398895018710914,0.8967151069934918,6.50291436161545e-05,0.0016863876851251568,0.0014113843500660683,9.85192875723696e-05,0.0006061826642828475,0.0005312483067941564,0.00011680722484604465,0.0002917178188307749,0.0005660312744286528,0.3997067512357832,0.4512132688959031,0.4365611801516946,0.33452362320569407,0.24589746363318066,0.1824806713944211,0.13411354774616127,0.09890789712533626,0.07490896372878798,0.22838619250366857,0.09331408032530324,-0.14127629720392515
696.3229638190535,10.9035334021,0.5772373099999999,1.439669745301245,3.2105511399999997,1.0927139177600003,0.358826590672,0.09663761384769538,0.2370340800000001,0.055120070000000077,0.4007659,2.8097852399999996,1.147815935780367,2.031256820953999,0.4596586730768157,0.003250289585849802,0.009792271684591474,0.01951330479999418,0.031163951016587747,0.04326081333816625,0.05537307641721002,0.06755533131176492,0.07999446962611835,0.09290134356083536,0.16720333808474658,0.44194469566031974,0.5887782925806863,0.6481395143824142,0.7470117737044739,0.9022419211128093,1.0901408958769474,1.2920992803384292,1.4934657840218273,499.88022923000005,9.806157,0.25392500000000007,-0.21830639018027576,1.5192,0.9826678,0.1495383024,0.03984869739478958,0.11105000000000004,0.0262,0.6165,0.9027000000000001,0.5875036710461954,2.025103147970739,0.4519451897907624,0.0031062394628829796,0.009239844784326262,0.01761461994768594,0.027634621412754554,0.038641278643998515,0.05036476154464236,0.06274036878366322,0.07578217768750464,0.08953492312083469,0.07207972296565103,0.17539040513059503,0.24663617958723066,0.30421603767874245,0.3710553450936968,0.44517761241118753,0.525150988429629,0.6096170355795812,0.6945017851861894,15.562234920000002,1.3750550000000001,0.229225,0.2528659299103766,0.4433,-0.026858,0.138541432,0.04800661322645291,0.11460000000000001,0.0307,-0.5033,0.9466,-0.09151778026164636,2.1079208382864616,0.5471596999064628,0.000506394226637615,0.0015188126606819389,0.0020971084527183067,0.0018945024036131643,0.0011331684274368957,7.081745502231595e-05,0.0011657554915521446,0.002523683860381398,0.003957907705554766,0.06010467772463863,0.23344126230121293,0.3910032719233225,0.45109220437800573,0.4312638035524832,0.37523644789460786,0.31202285392652385,0.25443652591835153,0.20969648704247318,30.91449473,1.800051,0.14857499999999998,3.065909899303299,1.0466,0.1570638,0.1305654776,0.05270480961923848,0.07365000000000001,0.029299999999999993,-0.3046,1.3512,1.3198405274084215,2.125875622518477,0.5701153161914984,4.96660303428168e-05,0.0003890660485044647,0.0017068738169218438,0.003511663537872968,0.005273641374080021,0.006813302262863967,0.008171515220497583,0.009454122726142542,0.010752549251035314,0.07613864782226491,0.2640788165525589,0.41299900368220355,0.45881522740054265,0.43750815549049843,0.4043114556437281,0.3866988693033321,0.38723821156382915,0.4002011911384774,27741.07991655191,45.239912220000065,0.00010845353219250212,1.1496189622263526,30.788611500000005,0.09697248396793587,4.830320483062318,3.2950970823293173,2.767513499999996,1.6148915000000041,-47.60278550000001,78.39139700000001,-0.03875754778153895,2.1660997587117685,0.7468762205452315,0.007052614994960153,0.04419771844803474,0.06283881572421489,0.028900115273312505,0.02469810822175835,0.07379267779219327,0.11223124905286383,0.14200475723474495,0.16661986697972003,6.553518866277126,13.116263420185264,14.079478019129946,11.17381749041177,8.635134118573704,7.621931513736923,7.615162222823357,8.084641765555377,8.762881850487295,-0.09616921589742433,0.021630187011471264,0.1612200161038419
687.1969916171357,10.9168814194,0.5147214499999998,-0.07446907745626952,2.28031875,1.0948404143400001,0.33451428229480007,0.09299363250501001,0.2217774549999998,0.059285400000000044,0.36483686,1.9154818900000001,0.7501397525293586,2.030579637777956,0.44954456298988893,0.00488170275918855,0.012334076395671668,0.020036921216492046,0.028531690016939337,0.03792992011205918,0.04819698740112254,0.05928710831135596,0.07111895052633467,0.08359401258796766,0.15620000816464158,0.4233264395756081,0.5460065344065066,0.5910159204955947,0.6766653328889995,0.8234156337601585,1.0126325323416934,1.2202152853842998,1.423638873806136,511.26164023999996,9.917269999999998,0.20015000000000005,0.021009758215885466,1.5025,0.9941572000000001,0.1420709792,0.04279799599198397,0.09759999999999996,0.030999999999999917,0.5898,0.9127,0.3972264012835497,2.0416386090309104,0.45834284305441114,0.0038830402661350835,0.010695557136531284,0.01853099147156051,0.027399768937986745,0.037310071812880236,0.0482216533324968,0.06008057359773162,0.07280904056893713,0.08631204686308284,0.07881823988581294,0.19883777691592897,0.27336044150423244,0.32115987217672465,0.36994382133672365,0.4297872047125123,0.5059926636096777,0.593125707416875,0.6799760406030274,15.90451727,1.4109109999999996,0.2344,-0.12641810392725183,0.4416,0.010944200000000003,0.14359530719999997,0.05070080160320642,0.12285,0.03730000000000003,-0.4782,0.9198,-0.18898872643308626,2.100107547457638,0.5310055450744346,0.000600258409185317,0.0011875431359202825,0.0010692785389760035,0.0004913865903386396,6.629065356003316e-05,0.000179799674267191,0.0008259977981772417,0.0018309936815811697,0.003040431106569688,0.06263083787352364,0.24263519035388076,0.4101898422464761,0.47249201642416055,0.4398195846110464,0.36382344192064303,0.2859651748719528,0.22615958809858652,0.19016897645169278,20.25404966,1.3031589999999997,0.1533,2.576028816550375,0.794,0.04556399999999999,0.131179216,0.04800180360721443,0.07635,0.0254,-0.3999,1.1939,1.2875964738410857,2.1153014181417586,0.5012497190453168,0.0002339295409603782,0.0004260027938403077,0.00018025712960183428,0.0003416095754970163,0.0008696819330632501,0.0012744025701269522,0.0015206495427598883,0.001622478749612771,0.0016268124779622753,0.06866146248160462,0.2536067509974469,0.41262800321519644,0.47263603760475487,0.4599466405747637,0.4286068195242193,0.4093507036448686,0.4090860026991813,0.42407855833003355,21142.948122015674,44.033657840000025,8.810143995846564e-05,1.315283685212534,28.528955999999994,0.07783339879759522,4.648720232476978,2.882910114457831,2.9272100000000023,1.5665842499999998,-19.26396800000001,47.792924,0.5173832024558996,2.1667717709478307,0.7030311391341961,0.010943378678724424,0.03597663724955161,0.04336121648791811,0.0393106775364769,0.035447740257371206,0.03604134716556237,0.039968263768098755,0.04580132521984478,0.05313484299099969,5.071183811157339,11.91052378359778,12.734342528140978,10.237311597242083,8.207184267600514,7.329091879942693,7.2603308690692465,7.725968650595995,8.490165901031785,-0.07972327739988568,-0.12547149543340536,0.048705788076929525
766.1971063196502,11.2757565725,0.6733614474999999,-0.19819755207571355,2.62133693,1.12903763574,0.41295581108872,0.11441035008016032,0.2948832999999999,0.06792334000000022,0.22645402999999997,2.3948829,0.8021667722311072,2.053456049033641,0.40827674645213613,0.0026421507959493553,0.008548479757975352,0.018449735436073644,0.03161802581343234,0.04623280625744844,0.06127626711847672,0.0767793438755734,0.09309736202281699,0.11042861399593976,0.1693066822991397,0.4924415458121147,0.7284840467763198,0.8531641740331002,0.9347764857262858,1.0397318750312798,1.2001737357970614,1.4074749227217385,1.6332197616864885,522.98503562,9.974250000000001,0.28269999999999995,-0.355111772801195,1.5697,0.99908,0.17562904,0.049287374749499,0.13689999999999997,0.03489999999999993,0.4271,1.1426,0.303980682049609,2.05330843250344,0.39902626741070923,0.0028801796537299726,0.008755481027575278,0.0168373104209958,0.026712607762351404,0.03779320559707743,0.0497875594907507,0.06276168650741065,0.07685046622162048,0.09208508849167713,0.07107739829170086,0.20608956415238347,0.3279651523022339,0.4074553932174235,0.45474644371988915,0.4984526720633789,0.5627566860145543,0.6503886818792689,0.749746664103911,20.39112087,1.4940989999999996,0.220775,0.48296337398596556,0.5772,-0.003586600000000003,0.1522099072,0.05747274549098196,0.11124999999999999,0.038400000000000004,-0.5893,1.1665,0.04925964540634767,2.1006659234050264,0.5672864870395569,0.00010518285479435213,0.0008082933202706393,0.002315336299301542,0.0036886057976964377,0.003981538062640256,0.0032037725426290083,0.0017926523327624207,0.00010844979466538173,0.0016549852695708963,0.07267829294595325,0.2752436472720317,0.46035253857745456,0.535189665027091,0.5066933335365599,0.4258407243572776,0.3374301475944522,0.26459469083681736,0.21725008771597237,21.14266138,1.2852579999999996,0.13835000000000003,3.391443273489293,0.9533,0.0316984,0.13280326080000002,0.05286452905811623,0.0717,0.030800000000000022,-0.4939,1.4472,1.470610379007514,2.125217150776359,0.483852362190732,0.0001683633462651334,0.0002652785509460014,0.0016300174555102182,0.0038875781842444474,0.006402407431930769,0.008388266429896202,0.009523220374848321,0.009846598077384892,0.009512225652608423,0.07956537219958987,0.27636959777459963,0.43247251674557485,0.4816836535803366,0.46038853737392854,0.43057979343442654,0.4188033372767486,0.42389296377452423,0.4391284412335476,32948.98995974717,54.25573781500001,0.06289199572926338,1.3804860382889637,30.094883500000012,-0.0074609729458917804,5.720681974353517,3.5825293544176713,3.3745349999999954,2.0329254999999935,-28.45890350000001,58.55378700000002,0.2112821423414365,2.1631423768206264,0.7385649299879962,0.025184881813590645,0.08709084061419894,0.145150537974163,0.15063903771598425,0.11247216206314588,0.05900770690372754,0.010908061197765509,0.027263889896279148,0.0590635706630811,6.43816503254086,13.736206062994377,16.15774044924152,15.254296074138761,13.180786685238921,11.175738686396766,9.844053350267584,9.46452310768329,9.863208026171101,-0.15775591307361558,-0.07360546268177107,0.17327430636043006
783.1924108923386,11.3564794684,0.6433526474999998,1.0826540907041684,3.5772094,1.13717547166,0.41360800250519997,0.12209951246492987,0.2790054749999997,0.06840937999999996,0.3589119,3.2182975000000003,1.0451170335538351,2.038308830782402,0.378828927810232,0.0023182047200171274,0.006390793010931501,0.011416369084903087,0.01782261501063112,0.026189891047866544,0.037183578571038385,0.05118117629639751,0.06814386895958563,0.08783040778132781,0.21427802976615223,0.5463569334542709,0.6848558545230473,0.7183512818612353,0.7996834139950423,0.9743278677311568,1.2093364745479358,1.469747146203647,1.7300262896571865,519.8418983500001,9.948344,0.25522500000000015,-0.05439067956573185,1.6406,0.9965673999999999,0.1694320184,0.05246372745490982,0.12080000000000002,0.03760000000000008,0.5727,1.0679,0.46543983863542876,2.0412768214001855,0.35782512507269665,0.0027231391592740985,0.007695053307281318,0.013873474809614234,0.02145971264992947,0.030682538694573616,0.0417772246404671,0.05481425885258767,0.06964837008069631,0.08605507593960088,0.08825605563924284,0.21546966139063245,0.27908920454707864,0.3185062261010375,0.3659338794200001,0.4364030626827451,0.5315669479255962,0.6428542664537008,0.7583641165969116,18.79711887,1.4663019999999998,0.2338,0.1682337610027287,0.5985,0.0287094,0.14859440159999998,0.053616432865731464,0.1172,0.032999999999999974,-0.4447,1.0432000000000001,0.08498564526737129,2.0998355200856955,0.5721987389488624,0.00027355353128578544,0.0008106359461451378,0.001274400875897523,0.0013088186657260476,0.00069469057320473,0.00033416901910242113,0.001240166794722148,0.0016473718030316374,0.0015316498515506884,0.06683420410680713,0.2573559098656332,0.4373284847301595,0.5171941518260919,0.5010313158707089,0.4329044275380396,0.3511546962347219,0.27773587001544936,0.22549599851322372,29.948718609999997,1.5135760000000003,0.16752499999999998,2.833845703513581,0.9695,0.058260599999999996,0.1564448528,0.0587190380761523,0.0805,0.03219999999999999,-0.4795,1.449,1.5713746697297581,2.116713052373598,0.4512378751302513,0.00012754224317948736,0.00011639384061089553,0.00022004522743054267,0.0007799982002438357,0.0013842971016301462,0.001872152919205199,0.002157667454292149,0.0021661477582993155,0.0017926336774684729,0.0868761029214578,0.3115266080917981,0.49690540114298914,0.5618319844132529,0.5482162146746639,0.5238595654246998,0.5150335668466658,0.5208227032755918,0.5369087678713085,44886.40241362584,57.09730338500006,0.0018617530462072447,1.216641298004809,47.081160499999996,0.0006886172344688836,6.1049990831522765,4.134061209839357,3.453339000000005,1.871808500000005,-46.28822050000001,93.369381,0.421852961982778,2.1719088422289468,0.7393564619075281,0.006339769211299978,0.015784694633321685,0.018171075735119176,0.014994980387128412,0.011284166103246309,0.010950946945330347,0.012278090163096016,0.01185159141776583,0.00832470729023551,8.868700788855012,16.84510413701892,16.839660690654213,13.414037509716575,10.417162305728498,9.057890967598649,9.01228531029129,9.669822512687704,10.635376427436366,-0.01619106747892203,0.0029632001653370427,0.20743424118383344
605.4533874246595,10.5492866714,0.35299299500000014,0.9417174040073406,2.12432561,1.0566758592199998,0.23415603083135994,0.06884033731462927,0.17232004000000006,0.050210570000000176,0.52046845,1.60385716,0.8786202297727475,2.0605371417937324,0.5429474233983328,0.0030865446759268987,0.009684070095131196,0.018715744851768027,0.029738520001403954,0.042424223239790664,0.056674089935552396,0.07250687258382686,0.08983677546295621,0.10843967504255808,0.09461189721292383,0.31120303172138986,0.49265890236475146,0.5876276286998673,0.6601852814825288,0.7577514863819089,0.8676778056088731,0.96586809812435,1.0409017475244677,482.98464072,9.716718,0.165925,0.21942500886418292,1.3779,0.9734444000000001,0.10553177600000001,0.029473346693386773,0.08320000000000005,0.021299999999999986,0.6985,0.6793999999999999,0.3582016171467142,2.0479292417229886,0.5527068590175858,0.0030476531632796008,0.009308175077425346,0.017570081379816145,0.027463005823097304,0.03874015245684124,0.051293341311880826,0.06508365702134215,0.08004835797847762,0.09608091271428236,0.049977827046916376,0.14136953694878537,0.22498522906397933,0.2793289723632009,0.32377802374831904,0.37633146285682245,0.43489381040334585,0.49155645594572905,0.5422602645246458,13.26762747,1.3287909999999998,0.24835,-0.9474088777645671,0.3024,-0.04857940000000001,0.1319747288,0.029331663326653306,0.1202,0.02250000000000002,-0.3756,0.6779999999999999,-0.048046227440831035,2.103133300987423,0.46831836141280575,5.5868669017268614e-05,0.0006180871409880165,0.0015817193114833566,0.002462904958918108,0.003041196284524713,0.0034109706197709404,0.0037711422959635387,0.004271467934981948,0.004952001348688248,0.032745080834042956,0.12948840715611637,0.23355191502785355,0.29603458643060293,0.30484908563464863,0.277268024850981,0.2380439544929696,0.20627923354014382,0.19163358645337494,32.08566142,2.2324790000000005,0.1601,0.2357785310087328,0.6018,0.22366199999999997,0.09513552,0.02795891783567134,0.07635,0.02150000000000002,-0.028,0.6298,0.7262821359240789,2.072837463503268,0.5836334781754614,0.0008650808483716778,0.0024759115308338377,0.0045602331278864925,0.007207145256401354,0.010407307850040593,0.014040013791591088,0.01795108740175342,0.021976234030715854,0.025967597538600156,0.03525053241969259,0.11794709706246535,0.19308060541974853,0.23835791649699387,0.270526244609217,0.30185696872240003,0.33047100390122525,0.3536721083068499,0.37049922671428387,11098.619871255609,33.037114105,0.11470197333630636,1.4030808400767498,18.538997499999997,-0.03818849098196389,3.445947659362814,1.8604757299196797,2.3502394999999843,1.2831947499999883,-17.92158450000002,36.46058200000002,-0.3029777387114428,2.1537053459130413,0.6752862687776183,0.0075822075837341475,0.014122966859869017,0.013701120775357293,0.009261954169982352,0.010948266167311886,0.025301317784272137,0.04866536679083906,0.07226495403026531,0.08914356793872666,2.9162546896174564,7.781146253631512,10.412873667758513,10.173541777610696,8.709365448047112,7.7767928204734265,7.609162934266533,7.7217708179779505,7.7573938908821045,-0.05542140571627165,-0.050233771750764905,0.32291399039480234
583.1925698387648,10.3627777469,0.27837930499999985,2.90383369942722,2.31194136,1.03879556514,0.20898721051792,0.05845870054108216,0.14341878500000005,0.036207710000000115,0.46997261999999995,1.84196874,1.3586267846915245,2.0541822709704123,0.5890286201923457,0.00431924867324943,0.013114209414160487,0.023418112167801184,0.033726014021233014,0.043864194610660164,0.05447864078176876,0.06618365649295394,0.0792089612607183,0.09349044413961996,0.09780473786334613,0.31276476726427627,0.5061587507983449,0.6187142473951284,0.6844854615052631,0.7526640379000852,0.8370995581990812,0.9224265863315071,0.991500698122636,468.14462693,9.578187999999999,0.12907500000000005,0.8701293635743883,1.3437,0.9598914,0.09088585599999999,0.02477114228456914,0.06474999999999997,0.017100000000000004,0.6506,0.6930999999999999,0.36824051634110705,2.045473796613846,0.5857364134003319,0.0034653795416063403,0.010334106856402759,0.018854998390143204,0.028253565145397043,0.03830542022651922,0.04919707307416561,0.06114415824538292,0.07421262826549356,0.08833969499797621,0.052152995598727755,0.14135397547582482,0.22879535163617554,0.28397216428442096,0.31861208195306656,0.3554437480129842,0.4020126233375041,0.4516950775062984,0.4969219690359395,11.85909691,1.2432260000000002,0.232775,-0.9042340601700403,0.2015,-0.058931399999999995,0.1231037864,0.025373947895791584,0.1125,0.0186,-0.4349,0.6364000000000001,-0.30623161354133516,2.1164716092026805,0.47432077661935756,0.00031861486208089056,0.0010338833314373363,0.001665269715904979,0.0017788538464971503,0.0013300366992437676,0.0005841131343958854,0.00015723843186874387,0.0007293807920683922,0.0011058905989723491,0.0310275768278296,0.11717808002194627,0.19923081661434033,0.23727102274206072,0.23206264008294508,0.2073371776974251,0.1863220494941975,0.17971976705095144,0.18717126474309256,39.394058730000005,2.5351310000000007,0.11754999999999999,1.5894605240034236,0.7234,0.25392660000000006,0.08804171120000001,0.024884769539078158,0.0566,0.017299999999999927,-0.0581,0.7815000000000001,0.9403379191408247,2.074959869588565,0.5943722269261998,0.0013262939394367104,0.00410905034994225,0.007292242629497897,0.010359897399718505,0.013188950902144263,0.01599178598754583,0.01898679496939529,0.022260345528239106,0.025816636765742265,0.035815023966903524,0.12315272375472709,0.20898365851172962,0.2619652414486281,0.2906551664156875,0.3123990862142346,0.33346612617225707,0.3521971427945939,0.3661896147903529,10105.700962165534,28.09085173500001,0.001312096031026407,1.5151424934417843,19.37494400000004,-0.022548375751503036,2.9240095343592998,1.5833085070281132,1.798399500000003,1.002480999999991,-20.780098000000013,40.15504200000005,-0.33026834570498576,2.151696436868183,0.7203432481087055,0.005495483690440695,0.004155326831755031,0.005849012479928043,0.01607800261270164,0.02109210881236136,0.019490191457175503,0.013615630793914405,0.006964850524345973,0.0024003006178434923,2.777510483661638,7.253645726485263,9.744771464142694,9.956266561761105,9.048413630424085,8.088362330507534,7.5772984117498,7.453630277412788,7.440193527524483,-0.31681790177391256,-0.05395482166601277,0.35922839614750485
570.0679331999194,10.277549864000001,0.29029511750000014,2.3754046484647313,2.37391138,1.03001695122,0.20516853942496,0.06610275098196393,0.1431112450000001,0.048460529999999835,0.50480174,1.86910964,1.1634918552298044,2.089357261945655,0.5990139270455112,0.0035460646432143106,0.010099663783647302,0.018126413255073814,0.026970343168048652,0.03631171952735579,0.04638400793074078,0.05767306952249323,0.07057314958977569,0.08519726876249521,0.09987608220996969,0.3225286057202546,0.5147695656498078,0.6101565746231582,0.6478997142069778,0.6828919727622703,0.7319359743317816,0.7849853219869907,0.831076666462215,465.77859021,9.553403,0.14249999999999996,0.5219691130354045,1.43,0.957385,0.09412624,0.029393386773547095,0.07124999999999992,0.022499999999999964,0.6497,0.7802999999999999,0.19831122414726246,2.082346844517633,0.5955711554777968,0.003298059589270153,0.009625307870620797,0.01753214601414397,0.02650528574099135,0.03630579881569565,0.0469777730680847,0.0586455276389204,0.07138516780174198,0.08518111350218624,0.05466441584650235,0.1528238843923457,0.24684608899005414,0.298256854315281,0.31976508827585076,0.33938019273840075,0.36901985464510084,0.40493602720400496,0.4413967743897089,11.887994280000001,1.3181629999999998,0.248,-0.9328771904503563,0.4155,0.036336799999999995,0.12850076160000004,0.030862324649298594,0.11895,0.0232,-0.2642,0.6797,-0.10239349524366614,2.1034807068822867,0.5694761839860386,0.00011156534643699406,0.0002117251732552753,0.00032528129921188765,0.0006889030913391938,0.0013792184242100108,0.0022413526972614203,0.003158269385334679,0.004155757283956147,0.005301565796324301,0.03598454804260078,0.13750265316433793,0.24507180022455352,0.3088614381314144,0.31921378372722414,0.2934008805522657,0.25563077091332725,0.22528787435187494,0.21237000527031175,37.34189112,2.463958,0.13034999999999997,0.5678530414304932,0.6335,0.246384,0.09032849600000001,0.0271374749498998,0.06459999999999999,0.020799999999999985,-0.043,0.6765,0.7302561453120346,2.0874759704529273,0.5569759901574994,0.0005397398857984361,0.001683661158117257,0.003320056059678424,0.005198429746637121,0.007028154298604757,0.008875719306992002,0.011057479594435676,0.013858399472739216,0.017410469820358928,0.034433073741807256,0.11697199507032811,0.19330580039222797,0.23980289220744977,0.2697596842341538,0.2956770884454378,0.31778888776420255,0.33453074306726477,0.34645753840230925,11109.020981277343,31.872787140000007,0.005249381415783608,1.3883176001539062,24.59954550000003,0.014039094188376759,3.3059499072774807,1.7902677329317271,2.352398,1.286615999999999,-18.820990999999964,43.4205365,0.4947663639895653,2.1461406883347167,0.7024645970910345,0.001418508418322524,0.007509946530921496,0.021326963346668063,0.03258206555823046,0.032377726956180276,0.02438893366850693,0.020327911313694304,0.025033524435705983,0.034443005959139655,2.8659906120169887,7.837075009858442,10.62048007402302,10.60978466299157,9.26141388207575,8.008876480951173,7.305653676074148,6.943245078447769,6.662571275540992,-0.1343356103915701,0.09253150368546077,0.37926774000674673
570.3260046279498,10.2673817015,0.1892573325000002,4.461689441101187,2.28701066,1.0288609222999998,0.18940532186039993,0.057229864108216434,0.09349837999999994,0.03464767000000002,0.28058949,2.00642117,1.819515375001349,2.0730108086186245,0.5525079322460341,0.0035190447209286226,0.010595588039031082,0.02000963812569955,0.031128415943941078,0.043079924581641935,0.055372064273758535,0.06796184860948516,0.08101693057621003,0.09471987450651431,0.09440736421592112,0.3102553675226227,0.5066473228841524,0.6118665620075703,0.6528686443182136,0.6890141604243492,0.7456425576222063,0.8136553611199859,0.8792925902573959,472.21816357999995,9.624732,0.07989999999999997,3.572606316093096,1.4776,0.964512,0.078080864,0.024735871743486973,0.041200000000000014,0.01640000000000008,0.4918,0.9858,0.8181877616541038,2.0690998545047425,0.5319429926690514,0.0033676672318973485,0.010008560124507756,0.018593956801365268,0.028724355375671556,0.03991074590924778,0.05183418616498164,0.06441095868216457,0.07768088318158387,0.09170434877427736,0.05258716111030859,0.14460452762390844,0.23867886166763413,0.2999503815451094,0.332070933809246,0.3578990894018217,0.39018544193786114,0.42817320414893856,0.4676501680514754,10.21463266,1.1530449999999997,0.2145,-0.3161379671016813,0.382,-0.012780000000000001,0.11729704,0.030846693386773545,0.09885,0.022699999999999998,-0.4325,0.8145,-0.20984582205977031,2.1005527740788366,0.5603418399836917,1.6024461953951547e-05,0.00025939311182080935,0.0008350607408221324,0.0012405871696714622,0.0011086425680887518,0.00041377234445026277,0.0006706549480192832,0.001980330706434242,0.003426681923505823,0.03492160088987861,0.1403852683558359,0.2537419067216327,0.31883723689438453,0.3246318601115345,0.2917760233197157,0.24748203808479316,0.21139179404699074,0.19183515474130758,31.99766491,2.2506839999999997,0.12049999999999997,2.164400002058664,0.7117,0.2253114,0.0834208136,0.022614829659318637,0.06039999999999998,0.013999999999999999,-0.0097,0.7214,1.0591296174026639,2.0733568153663864,0.6173344584528002,0.0003558004674188259,0.001153993404068641,0.0025203654867768646,0.00428953336536242,0.006208673578797796,0.008207461990242401,0.01034559871704177,0.012691688441315154,0.015276180027091602,0.0335002890843873,0.11574069587366115,0.18762087271453207,0.22342678169656252,0.23900199626653876,0.25683793578428743,0.28164442732605993,0.3063247263591101,0.3255876238989549,10391.062388843231,27.323907199999994,0.004834085132716955,1.347494964198264,22.3124235,-0.0014495360721442556,2.861507729820362,1.6099952831325297,1.7439749999999865,1.0180162499999894,-22.13475299999997,44.44717649999997,-0.195525318949768,2.143501312609614,0.6952654194845987,0.005125213295244124,0.0177868746568298,0.02511470499145078,0.017827819515498264,0.0019416165404906075,0.015870387012744246,0.031210964816003325,0.041897392870088514,0.04788566819933373,2.736329918784146,7.455631376375743,10.309367486829954,10.60335972906385,9.240480862383562,7.627908475860151,6.632278813702998,6.260655465929839,6.137895620445728,-0.0894289529207205,-0.12473439673682357,0.4220525299102579
1126.8235226339377,11.7021282541,0.5499060299999998,4.772925590583745,6.12998954,1.17362616548,0.6631384066923199,0.1902507844689379,0.2063381749999999,0.06849913000000007,0.33769784999999997,5.792291690000001,2.1758262949091836,2.0737299371775175,0.5847504362028119,0.005618197747056547,0.01595633289700638,0.02689414315452786,0.037107416272189414,0.04670169135156652,0.05694355090169934,0.06917432132600021,0.08411666785521885,0.1019704972095821,0.3676115306204396,1.0570101651560724,1.4769968943845768,1.6387374180960694,1.7891983165889556,1.9806181894954078,2.183623390157875,2.390326404741264,2.604017192897418,531.3650027699999,9.781341000000001,0.24357499999999999,1.2777716674370163,2.0745,0.9805262,0.2395618136,0.06703867735470942,0.11030000000000001,0.03810000000000002,0.5717,1.5028000000000001,1.4203062760706684,2.0733275173037846,0.5517144001524366,0.003946420305739686,0.0114822560225453,0.020385890761138996,0.02988470079762798,0.03969196709147988,0.05021536454877527,0.062018263871071955,0.07542026098179527,0.09049801313736604,0.1104771261613404,0.33757777576029074,0.5030034635727917,0.5787142503271485,0.6359381357976936,0.6989369985906039,0.7672709934118909,0.8458641760399354,0.9381254867913462,17.24731516,1.383903,0.20447500000000002,0.7341242384906077,0.6021,-0.0181892,0.13830707999999997,0.05373086172344689,0.10225000000000001,0.0354,-0.6052,1.2073,0.4288320670239848,2.129246673505716,0.6026760387800728,0.00026013650490388265,0.0009202445772969651,0.0017440060012724012,0.002047837412807427,0.0014319786149895682,0.0001281763619742744,0.0014147146638098,0.002917763142297341,0.004297912491507766,0.07294800058694412,0.2668567710574677,0.4130298499308406,0.43429807882570454,0.3843456731125384,0.3288288212822759,0.2933695297881015,0.2740978161214238,0.26208676637458483,38.20076481,1.991505,0.17245000000000002,7.524362877338193,1.5013,0.18693259999999998,0.1375436064,0.05440340681362726,0.08565,0.034199999999999994,-0.1827,1.6840000000000002,2.0513540784971633,2.121384648672719,0.6522108801281844,0.0009961512325822384,0.002592622500665308,0.004010576800751051,0.005118143150097949,0.006235203766293003,0.0076680773324409104,0.00951938939417488,0.01178389055332597,0.014438544778042598,0.08933615761780356,0.2721325640012524,0.391820152595864,0.44240089931184146,0.47133322439733416,0.4854348825788683,0.4844800855010424,0.47669654669448547,0.4701743977592859,142404.90259210905,89.50057030000002,0.08550626681102233,1.3665278555053497,81.074326,-0.20169338577154305,9.491866213794323,5.633961006024097,3.367836000000007,1.9517340000000032,-79.84145050000006,160.91577650000005,0.060044044953770456,2.1635432965078056,0.7519219060458258,0.001896054291587001,0.05790966311869306,0.13545011151118802,0.20269365020343671,0.2509486856222936,0.28648494888417503,0.3151751575915378,0.3401191087675012,0.36350106489618805,13.892208719689194,29.5717270313901,33.8364118644269,29.35273715987599,24.722036237183694,22.424024438712244,21.200932128422355,20.246684359942055,19.436942188060154,0.13421258787431686,-0.030164706097950363,0.7335921341987198
1125.9527308567842,11.836851897000003,0.6580102074999999,3.1728737708042525,5.11718186,1.186340604,0.6760635800160001,0.19346138292585172,0.2261890450000001,0.07566247999999998,0.21325114000000003,4.90393072,1.897225374178715,2.0737080092038647,0.5598738641648124,0.005065768272678305,0.018967096477360397,0.04176691056032827,0.06822728200124216,0.09523280245685256,0.12198110090314664,0.14762699072863145,0.17155172490399515,0.19357878217298946,0.3549450016764719,1.0182736513301986,1.4034207610427736,1.6118396310157717,1.8286873998509559,2.060542617313263,2.2780786152750094,2.4788017663398474,2.670270915853527,531.82054761,9.781471,0.313125,0.7537316274966597,2.1309,0.9803274,0.24853122560000002,0.06860781563126252,0.11914999999999992,0.040100000000000025,0.3763,1.7546,1.216228102225705,2.069793970295818,0.5261772748861469,0.0038756146206816596,0.012897152847309516,0.02580960637321776,0.04063937533149252,0.056074630973598605,0.07166098756124921,0.08719019500554728,0.10259171163937358,0.11789940625269849,0.10486053485896946,0.3305357893438105,0.5028179285894475,0.608923367236707,0.7017950893036778,0.7907634563971996,0.8726166195163423,0.9509091925641667,1.0302370006245176,14.120623380000001,1.296333,0.22265000000000001,0.2776728144805549,0.609,0.012203599999999998,0.13204655839999999,0.051413426853707415,0.1119,0.038400000000000004,-0.4567,1.0657,0.21306260394367388,2.1421991224469226,0.6497700333876487,0.00038191223890566965,0.0011050652379333392,0.0013533194780554429,0.0012704220883298903,0.0014264996371102998,0.0019968251511137177,0.002776328831433783,0.003528296507716678,0.0041200036752615556,0.07105662169061731,0.24017022593297807,0.3390221837360605,0.3370040756127105,0.29846600624122926,0.264933489072018,0.24769583008915452,0.24519464666925744,0.25120599543281147,47.22913101,2.3548240000000003,0.18374999999999997,3.446446833934627,1.29,0.2258662,0.1494660824,0.05529859719438878,0.09155000000000002,0.03420000000000001,-0.2716,1.5616,1.4353429834746358,2.1134449600925174,0.6542151053878061,0.0011560055289114662,0.0032359613387094913,0.006596754931726636,0.010967587922608494,0.015536293722973443,0.019917875246513974,0.024137187836484535,0.028313981752288355,0.03249712755952621,0.0880912514125037,0.27104155475185016,0.3823589360059636,0.4254655924007134,0.4516120632258787,0.47535373796451497,0.4962525390354436,0.5144748907828907,0.5312210962066629,136555.05812786164,92.00480543499992,0.003079114868319928,1.4985165588524088,67.16146250000001,-0.04438183967935869,9.671165426946077,5.9704640993975895,3.7217454999999955,2.0504530000000507,-61.932068000000015,129.09353050000004,0.04846764474031733,2.1666225190163035,0.760875464418711,0.04625671554332285,0.008779313705612288,0.1053219198575053,0.044817531838022964,0.10697517965477367,0.22687709351860635,0.2692722543678143,0.2488380213512908,0.19419160472552824,13.46133263771412,30.01286804057092,32.11680912881218,27.7270941049543,24.12238364781582,22.297370393976628,21.12193274881801,20.0472274478453,19.040251931266656,0.1299760534036879,-0.02671775973255963,0.7789278206011817
915.6251910078746,11.225329456799999,0.5431160499999999,3.3305812871294993,4.51701045,1.12512018254,0.5465875778074399,0.14822934945891786,0.2195881500000001,0.06294246999999997,0.40682988,4.11018057,1.9285430932192016,2.066293421846319,0.6013571473735645,0.0031170579400975995,0.009906498594546691,0.022305036197448915,0.03959530457210842,0.058128291753641266,0.07553741703708804,0.09135880911944637,0.10600149567738934,0.12008634777555985,0.244556188521975,0.7502049668575108,1.1358360972202493,1.3564407550826554,1.5338670704101534,1.7186848013346048,1.8948219848941636,2.0499508157819197,2.188309341117666,531.9540189,9.890492,0.29284999999999994,1.3700367380954663,2.0896,0.9911892,0.2193025984,0.05781723446893788,0.12314999999999998,0.033499999999999974,0.6294,1.4602,1.3944472862769735,2.0615112786252325,0.588099534000221,0.003107225433219044,0.009363587223768207,0.01855399726017328,0.030361369267694477,0.04344045885896393,0.05680360904549599,0.0701874616756096,0.08369087895759715,0.09750104427469487,0.08954886125715857,0.2708266481789445,0.42524381668015726,0.5246274819471762,0.6087363889199311,0.6935980203723124,0.7730014109435268,0.8428524148775683,0.905723262003934,12.48871403,1.2596019999999999,0.196275,0.569943969239683,0.4407,-0.0726846,0.11326937040000001,0.039097795591182365,0.09805,0.0271,-0.5253,0.966,0.14871223220156715,2.1384432195551737,0.6310500947380279,9.019883810370821e-05,0.0012078416201381482,0.003078070792694823,0.00459600026919923,0.005309812801881666,0.005570132474939763,0.005868485343179451,0.0064780235137598865,0.007442571002873164,0.05745134695595989,0.18971650237513296,0.2748917028124345,0.28784938815939487,0.26138251777534854,0.22789774664867635,0.20510286405087633,0.19422801419314378,0.19154121585237158,18.117358340000003,1.3414959999999998,0.14347500000000002,2.48053801388798,0.7764,0.1074204,0.111086904,0.04598637274549098,0.0727,0.0305,-0.2587,1.0351,1.2424186996435456,2.1233902228914703,0.6353326983974419,5.8499168901562675e-05,0.0007970400614053511,0.0027730450916247868,0.005351329569077123,0.007657122830555039,0.009308769191527141,0.010396653048111331,0.011153696562863956,0.011779359956954965,0.07008195403327352,0.2045817724006832,0.281977158107401,0.31632383651240054,0.3463820953332343,0.3742693501319842,0.39317635110028015,0.4019533947413072,0.4038141829534609,72258.95396482063,70.17260321999996,0.058127748009049796,1.4052508164157915,53.043151,0.13604143086172343,7.4208129692692,4.2680862409638545,3.0984719999999966,1.8547395000000022,-49.77715,102.820301,0.17642756385896882,2.1589802085056933,0.7637345637508746,0.013807337438749658,0.03535638814795029,0.11856110446419577,0.15068975505561863,0.11910193006767916,0.0547055928740695,0.01668293385321957,0.08300830531755202,0.1426593407646066,8.69655307776437,20.383990762289297,25.096736568806925,23.615256194754224,20.640874875848937,18.660870560040134,17.57090225681067,16.755367726570498,15.981052185856965,,,
1082.642849509484,11.631778285600001,0.5907799975000001,3.757699953785546,5.2998258499999995,1.16543938676,0.64561854083296,0.17141521507014026,0.21439978500000006,0.07034349999999989,0.34835654,4.951469309999999,2.036675479437229,2.0549983517234507,0.5624277935804938,0.0044503115289378885,0.014778691433471942,0.02584728779676025,0.03616344216482519,0.048088698962455746,0.06338189440890434,0.08166564887719381,0.1016150218981146,0.12232295257539946,0.31990111329424675,0.9173364227223779,1.3065672050814292,1.5300942135551885,1.7680128601640748,2.0426157744674986,2.3041614429564357,2.5261064333327288,2.707295036893669,550.78204314,9.944175000000001,0.2739750000000001,1.644908763501551,2.246,0.996484,0.24655856,0.06370841683366733,0.12154999999999994,0.03960000000000008,0.5666,1.6794,1.4991157532577346,2.04688058786319,0.5336891930328184,0.0036740079898835002,0.01132502368761416,0.020128530489416877,0.029408281084513432,0.03996255979369842,0.05234788776813076,0.06636218834282578,0.08147986047497639,0.0973334078218694,0.10363177677577248,0.3172403528003469,0.4732805204937725,0.5683996812627631,0.6718460172837691,0.7919919929041153,0.9055777519414492,1.0006462014132174,1.0776885696180099,12.91257837,1.2265949999999997,0.19494999999999998,1.1462387213610565,0.4993,-0.0333006,0.12129418559999999,0.04950761523046092,0.09759999999999999,0.0354,-0.6563,1.1556,0.19831199404107697,2.1416448017000125,0.6037547394742899,0.00014634728438021354,0.00019513362865055805,0.0009205091908750846,0.0012441515310767013,0.0010056206798898196,0.0005700304416130193,0.00018993371657640033,0.00012931784040866467,0.00045602174978330237,0.0691518931647688,0.23282130687534697,0.3276153791450453,0.3102366418479673,0.2505196021228452,0.20745927664714378,0.19112169362735534,0.18870123975188544,0.1909942174863294,19.025071869999998,1.3722360000000005,0.1676,2.1779318255553957,0.8773,0.1081814,0.1199493264,0.05157114228456914,0.08685,0.03320000000000001,-0.2939,1.1712,1.1508051198187876,2.1313279639015206,0.6542258780450163,0.0003835933766909665,0.0008902389094171016,0.0014198498520416334,0.0022995457914450988,0.0037285314442620167,0.005706033737613096,0.0080219803842116,0.01044577980824388,0.01285285910447779,0.0800142155326928,0.22256842825840037,0.3008071511076059,0.3337928867628835,0.3624945620011485,0.3843909804129364,0.39314757357890107,0.39083184601689736,0.3832371377075995,113866.700541407,81.32688473,0.0039716099025972245,1.3830580251896774,69.87017349999999,0.07275622244488965,8.57174803607616,5.516554295180722,3.543651500000003,2.0916635000000046,-62.23896849999999,132.109142,0.23922207815376556,2.171245389132532,0.7539505550454104,0.03372519414284106,0.03207787304718878,0.026583880233518077,0.0501439049541357,0.022002679903907422,0.025157985151753087,0.054532948014045964,0.05000965069494321,0.010960058830817899,12.45395423031759,26.03787191891363,29.024895515005962,26.123561718355326,23.30446389770655,22.127348346309674,21.698963025814688,21.29879255048985,20.711553033689274,,,
505.06349890181184,10.0230608539,0.029595160000000287,3.2646409381048214,1.17337494,1.0042154474400002,0.026578024375680027,0.012810573887775543,0.014789595000000044,0.010170289999999804,0.85136217,0.32201276999999995,0.5356973730424048,2.076324249373024,0.6045799299263142,0.003166755064133713,0.009512312612585297,0.017779887885772012,0.027721177392608376,0.03905660565313187,0.051538285221332046,0.06500656457029373,0.07937430658665687,0.09459576614219363,0.03992341429135113,0.08348570460859876,0.13345265418237243,0.1835497971919243,0.2262574381692544,0.2596668497447284,0.2873870905229015,0.31441172644182047,0.343578038770465,500.26050543,9.981004,0.014475000000000127,3.275700370960357,1.0826,1.0000518,0.013223886400000004,0.0063963927855711375,0.007450000000000068,0.005099999999999882,0.9196,0.16300000000000003,0.2523932531499155,2.041307662783692,0.6084980355112058,0.0032225543098456664,0.009614707397475879,0.0178667267194975,0.02770194381134958,0.038881896020549395,0.05121509729349278,0.06457164097637667,0.07886878950776124,0.09405193801777118,0.038572585514332,0.07553491957484133,0.11551944578711687,0.15663905042572485,0.19575913745350237,0.23184712719992748,0.26599382491950996,0.29976865461791774,0.3340318039394739,0.84345509,0.331983,0.012300000000000002,3.397872087936454,0.0752,-0.0236278,0.0189602648,0.004641482965931864,0.006150000000000001,0.0032000000000000015,-0.1435,0.2187,-0.2817306527242692,2.050053193332436,0.4810103838258011,8.519169972222819e-05,0.0002288640928260995,0.0004035730492480276,0.0006071128193844562,0.0008419067150572944,0.00111769587132182,0.0014402982500587933,0.0018084622034161399,0.0022157582060668584,0.005445867512922073,0.01761133180433059,0.030728264297385996,0.03917479460428508,0.044312291025912956,0.050827720492082826,0.060824972905513794,0.07329218287990798,0.08680636147999628,1.0037631999999999,0.41147599999999995,0.02115,2.961686062720414,0.0445,-0.0399376,0.0143189888,0.007219238476953907,0.010499999999999999,0.005599999999999997,-0.1109,0.15539999999999998,0.6430259912647104,2.1384404234110286,0.7422906892170607,5.071327277295952e-05,0.00016830244315038388,0.000367241954630615,0.0006543050761346311,0.001024961373552697,0.0014564235303451483,0.0019209723837427541,0.0024022489304503826,0.002897654362259224,0.010313186879836985,0.02399406597461396,0.03547165575178768,0.04249123172402703,0.044727970645837764,0.04455912485466219,0.04394965146160381,0.04366842521044942,0.04395681584253931,375.5238628737435,5.197724395000004,0.09034592271639631,0.2460589483389029,3.708754000000014,0.01016900701402806,0.6404855881904085,0.6880090110441764,0.5063814999999972,0.5654760000000064,-3.443182499999997,7.151936500000011,0.14774517676480117,2.1674404697070884,0.8291069589770436,0.0026234801382591898,0.008100790021157031,0.013516440231363194,0.01532481049839905,0.013640138036455883,0.010470614905980755,0.007167752778212179,0.0043373525803002775,0.0021402192221186165,0.7029404029298284,1.0849429104458086,1.47337065518401,1.7525044272719,1.8614842516646017,1.777416664176875,1.5382498729823113,1.2253420869607818,0.9208739811097101,,,
502.645322096055,10.005140023600001,0.01984028499999968,0.19581303551646112,1.0599901800000002,1.00250489,0.013093974359999991,0.009599260961923836,0.010155959999999964,0.008429519999999746,0.94996843,0.11002175000000025,-0.005963917829309051,2.0754724610004143,0.7684392413869724,0.0033109225992759075,0.009851778121393148,0.01819137052754317,0.028014129721008602,0.039117358136474635,0.051363778034557626,0.06466635576439941,0.07896405640175656,0.09420232949927612,0.04050273306049393,0.0799524189127769,0.11767080081144546,0.153473315675865,0.1881716860478007,0.22253235015750622,0.25766704319958345,0.2937939757909585,0.33055165542535314,494.90364373,9.928691,0.010499999999999954,0.14180738369459034,1.0237,0.9948554,0.006642372800000002,0.004849098196392785,0.0051000000000001044,0.0041999999999999815,0.9685,0.05520000000000003,0.019068646574652962,2.027207592658578,0.7705322741087341,0.0032828218074827586,0.009742506617279554,0.017989275360765222,0.027718958549723165,0.03873482086816934,0.050900463985707946,0.06412119760695154,0.07832677407820196,0.09345817493191967,0.03920460913594138,0.07567450128112603,0.11205206157760712,0.14799611413303634,0.18364883591231845,0.21915767397129196,0.2549738384793694,0.29121380117216583,0.3277330681254589,0.75229279,0.37972300000000003,0.008375,2.2083953181582974,-0.003,-0.0380518,0.005711270399999999,0.0030446893787575147,0.004199999999999995,0.0023999999999999994,-0.0646,0.0616,0.5800795153962232,2.1343015073524336,0.6956992615241585,0.00013901333674086125,0.00041816493767187835,0.0007609938025158346,0.0011647208696496368,0.001630444134096006,0.002148089831973254,0.0027083709866654215,0.003306860568544824,0.003941396848771696,0.003933959893655007,0.008620038370505729,0.012721925748654887,0.015683168670135913,0.017537179118811776,0.018398876213973465,0.018868897065155363,0.019388697295023682,0.02004722373782273,5.596508479999999,1.04726,0.019775,-0.453896813424965,-0.0715,-0.1048984,0.011290761600000001,0.005799599198396794,0.009800000000000003,0.004599999999999993,-0.1438,0.07230000000000002,-0.220592325974018,2.156848964977871,0.5525922617759779,0.00029983614852835877,0.000916913004582078,0.0017391949502383122,0.0026989748987879363,0.0037449539188565716,0.004868527536645284,0.006075115665606326,0.0073665557911791095,0.008740233489680747,0.008467387654232477,0.014385484184589716,0.01902239608646731,0.022710146689361436,0.025677163104233847,0.027931230329610895,0.029942903474226543,0.0321488713585901,0.03461657266158017,186.1382671455852,3.4770060249999997,0.1682392457881771,0.025624220617715982,1.8900265000000083,-0.0017238537074148325,0.4800079581126175,0.6612092740963842,0.4140490000000052,0.5410422500000039,-2.501677000000002,4.391703500000011,-0.05355030654084162,2.106344328408956,0.8941892144529889,0.0007302745891557877,0.0011387055684146713,4.027427749597589e-05,0.002262748244996203,0.0034547454242420134,0.0035472439920891555,0.0031931274612143185,0.002778691165348038,0.0024278998753682933,0.5638682126369073,0.7748614803746892,0.8167623614751935,0.7265937944634099,0.59707787656461,0.4584189529708835,0.33948928564684133,0.25500847324979187,0.1983160333442434,,,
503.20385134122745,10.0109725178,0.01568661249999992,0.42142364381591557,1.0501964099999999,1.0031180268,0.009857592755199995,0.008076027975951895,0.007961019999999985,0.006600170000000238,0.96690325,0.08329315999999987,0.15040205569560763,2.061108909307775,0.7895991714052266,0.003302064082817508,0.009761566390555008,0.018042210240833165,0.027815266833671373,0.038893532923042984,0.051146074174022914,0.0644654431378861,0.07876727906967293,0.09398793847469045,0.04060511723501229,0.0775764124379361,0.11382467765023253,0.14864772812287852,0.1842897975443377,0.22064507270320532,0.25706470473878223,0.29347729405971035,0.3299331847478793,489.16602817,9.871005,0.00792499999999996,0.362988832286514,1.0125,0.9890866,0.0049171895999999965,0.004049899799599196,0.0039999999999998925,0.0033999999999999586,0.969,0.04349999999999998,0.04673903623803741,2.0132660549571497,0.79485403808371,0.0032546403197079503,0.009629920006620446,0.01779262015658672,0.02742862207664571,0.038349282755302326,0.05042448555842891,0.06355161233980945,0.0776496012881228,0.09265497335258446,0.03899178947891831,0.07427650518562827,0.11002862457037439,0.1453062691567759,0.18102809574819725,0.21707877363858977,0.25315129206434905,0.2892091641071449,0.3252629834956952,1.39086886,0.5239210000000001,0.007800000000000001,-0.4631003588197906,-0.037,-0.0524868,0.004278505600000001,0.0026895791583166338,0.0039000000000000007,0.0022000000000000006,-0.0653,0.0283,0.028802164670942168,2.136181780752788,0.7062000728504494,0.00016463841982206006,0.0004851572893712237,0.0009002677516441182,0.0014113196217325687,0.002009705999702076,0.0026793897017494063,0.0034053771573401984,0.004178465954934186,0.004995165906386598,0.0035679910502043875,0.007483099065673566,0.01080071755837136,0.01313748490498534,0.014616887297728464,0.015464428980778835,0.016277245198288774,0.017467791086137253,0.019015400144828592,11.00211637,1.4784700000000002,0.009800000000000003,0.13198734763776132,-0.1258,-0.148143,0.006003743999999999,0.004179559118236473,0.0049000000000000155,0.003700000000000009,-0.1727,0.0469,-0.11994807243562114,2.1246619669059106,0.7353341603978181,0.00048795396507652944,0.001445661825418828,0.0026767239472228594,0.004145012264628782,0.005810099181870564,0.007642218870395698,0.009626579097360663,0.011756004769200853,0.014025376748901445,0.007663655563323951,0.014201372474860856,0.02026889089485066,0.026166240892241583,0.031237386456838916,0.03567405414865998,0.03999974334222972,0.04456539327998997,0.04948676593610913,133.30060798552074,2.9281695200000026,0.25077321369072625,0.019354255917270614,1.4706029999999926,0.00027820040080159475,0.4038086465034273,0.5516191506024086,0.3356304999999782,0.4457070000000035,-1.7863344999999975,3.25693749999999,-0.16813447293070538,2.0467471191499302,0.9049385383926293,0.000664154828858621,0.0007196017306888004,8.776876708181477e-06,0.0015822655379726578,0.002770393163237429,0.0031496142171864774,0.0029740625345491393,0.0026248139791062186,0.002290001808588461,0.5207597135036631,0.6598054303457094,0.6425155420662736,0.5301419334167252,0.38592217776255877,0.267604823310274,0.19593618248463615,0.15626820526142712,0.13172857069722765,,,
503.2803085312446,10.0085167169,0.027548492500000243,3.4620705696093026,1.1315624400000002,1.00295777358,0.01816457702591999,0.012676578336673348,0.013802619999999655,0.008797889999999864,0.9356873400000001,0.19587510000000008,0.8672053999033099,2.1046052006158216,0.7463134953825143,0.0034437142451096154,0.010046613868502014,0.018297899387601572,0.02795622427962818,0.038868533208040304,0.050917888141231445,0.06403282614843572,0.07816150931384579,0.09325140309836288,0.04476987241600532,0.08940695672821963,0.12809327872807713,0.1616594706854904,0.1925504374971711,0.22313915467372245,0.2553252257817317,0.2894789832063909,0.32498021861849746,489.54033631000004,9.873726999999999,0.013549999999999951,3.704974520887145,1.0542,0.9894062,0.0089905224,0.006281563126252507,0.006900000000000017,0.0045999999999999375,0.9546,0.09960000000000002,0.9000548675509997,2.053869900139719,0.748149872014153,0.0033339568676660353,0.009797324292692143,0.017972377680584985,0.027588805908375,0.03846699792119331,0.05047690665400382,0.06353230513699108,0.07756976485559665,0.09253338588862227,0.040763832624051255,0.07890434380184107,0.11528360694465405,0.15050677668593984,0.18469142596227228,0.2185547012477639,0.25298408296997604,0.2882158797283368,0.32403704745495626,0.31045785,0.236676,0.010100000000000001,0.21144871159561296,0.0021,-0.023730200000000003,0.006013083200000001,0.003364729458917836,0.0051,0.002700000000000001,-0.0453,0.0474,0.07216248365412063,2.1356797054297676,0.7053610271821653,8.360744586440724e-05,0.00019218850434615258,0.000311764934992712,0.0004970613322188355,0.0007499492305237999,0.00105313427583705,0.0013938864344905518,0.0017657033152324905,0.0021639551677387773,0.00414029278736031,0.009297807647584998,0.014517769001887115,0.017866603580235476,0.018789627618974025,0.018285181468757072,0.017462013656097144,0.01687700628094386,0.016537980860772433,11.628092630000001,1.517822,0.014499999999999985,0.7845301647989706,-0.1133,-0.1520486,0.008984794400000001,0.004998797595190381,0.007000000000000006,0.003899999999999987,-0.1944,0.08109999999999999,0.08814864747265416,2.131239758286067,0.6791981864602357,0.00044424077612248663,0.0013376848847003343,0.002445525956758656,0.0037257041520880048,0.0051907925348047,0.006857836004379982,0.008723297586230166,0.01077123462829083,0.012983486509844568,0.007937520092565138,0.015794001640312683,0.02272599258570793,0.027837620885885782,0.030933674996141924,0.0332186366518461,0.03596976832544744,0.039442691723664665,0.04333495057569737,399.59137371229264,4.835988370000003,0.19048638731643644,0.05350127359476038,4.18130049999999,0.008541556112224435,0.6340769638354866,0.8135844257028115,0.43986999999997556,0.5703957499999995,-5.62313849999998,9.80443899999997,-0.11626492790981845,2.1052921346405973,0.902266159134222,0.0025129794473187214,0.005713322115056459,0.0067630848842224756,0.007901578394976842,0.008696181900145254,0.008380056436387581,0.007160117696172592,0.005618252790884781,0.004202055721188392,0.7697750283739507,1.1135488646252816,1.2715588737089631,1.1335330351602426,0.9019620092594567,0.7057318591226238,0.5489721650216712,0.43211657087253524,0.3542226383289111,,,
